{"cameraMode":{"drawMode":0,"name":"Shaded","section":"Shading Mode"},"sceneLighting":true,"audioPlay":false,"sceneViewState":{"m_AlwaysRefresh":true,"showFog":true,"showSkybox":true,"showFlares":true,"showImageEffects":true,"showParticleSystems":true,"showVisualEffectGraphs":true,"m_FxEnabled":true},"in2DMode":false,"pivot":{"x":37.471351623535159,"y":17.437320709228517,"z":48.217044830322269},"rotation":{"x":0.11140137910842896,"y":0.21323566138744355,"z":-0.02450655587017536,"w":0.9703618884086609},"size":20.878511428833009,"orthographic":false}