{"cameraMode":{"drawMode":0,"name":"Shaded","section":"Shading Mode"},"sceneLighting":true,"audioPlay":false,"sceneViewState":{"m_AlwaysRefresh":false,"showFog":true,"showSkybox":true,"showFlares":true,"showImageEffects":true,"showParticleSystems":true,"showVisualEffectGraphs":true,"m_FxEnabled":true},"in2DMode":false,"pivot":{"x":0.47014427185058596,"y":-8.811444282531739,"z":-13.382407188415528},"rotation":{"x":-0.30624309182167055,"y":-0.3518216013908386,"z":0.12298179417848587,"w":-0.8759956359863281},"size":23.46767234802246,"orthographic":false}